INDIKATOR_GRUPPE,"INDIKATOR_BEZEICHNUNG",filter,quote,"BASISWERT_1","BASISWERT_2","BASISWERT_3","BASISWERT_4","BASISWERT_5","NAME_BASISWERT_1","NAME_BASISWERT_2","NAME_BASISWERT_3","NAME_BASISWERT_4","NAME_BASISWERT_5",jahr,"GLIEDERUNG",id,region
"Bevölkerung","Migrationshintergrundquote","Deutsche","13,6","4853","35617","","","","Personen mit Migrationshintergrund - Deutsche","Haupwohnsitzbevölkerung - Deutsche","","","","2011","Stadtbezirk","2","02 Ludwigsvorstadt - Isarvorstadt"
"Bevölkerung","Migrationshintergrundquote","Deutsche","16,1","4723","29324","","","","Personen mit Migrationshintergrund - Deutsche","Haupwohnsitzbevölkerung - Deutsche","","","","2011","Stadtbezirk","6","sendling"
"Bevölkerung","Migrationshintergrundquote","Deutsche","19,1","6909","36147","","","","Personen mit Migrationshintergrund - Deutsche","Haupwohnsitzbevölkerung - Deutsche","","","","2011","Stadtbezirk","17","17 Obergiesing - Fasangarten"
"Bevölkerung","Migrationshintergrundquote","Deutsche","23,7","9843","41494","","","","Personen mit Migrationshintergrund - Deutsche","Haupwohnsitzbevölkerung - Deutsche","","","","2011","Stadtbezirk","24","24 Feldmoching - Hasenbergl"
"Bevölkerung","Migrationshintergrundquote","Deutsche","13,9","2141","15351","","","","Personen mit Migrationshintergrund - Deutsche","Haupwohnsitzbevölkerung - Deutsche","","","","2011","Stadtbezirk","1","01 Altstadt - Lehel"
"Bevölkerung","Migrationshintergrundquote","Deutsche","13,9","5319","38142","","","","Personen mit Migrationshintergrund - Deutsche","Haupwohnsitzbevölkerung - Deutsche","","","","2011","Stadtbezirk","3","03 Maxvorstadt"
"Bevölkerung","Migrationshintergrundquote","Deutsche","15,4","7815","50762","","","","Personen mit Migrationshintergrund - Deutsche","Haupwohnsitzbevölkerung - Deutsche","","","","2011","Stadtbezirk","4","04 Schwabing West"
"Bevölkerung","Migrationshintergrundquote","Deutsche","28,7","12888","44953","","","","Personen mit Migrationshintergrund - Deutsche","Haupwohnsitzbevölkerung - Deutsche","","","","2011","Stadtbezirk","11","11 Milbertshofen -  Am Hart"
"Bevölkerung","Migrationshintergrundquote","Deutsche","14,7","6610","44874","","","","Personen mit Migrationshintergrund - Deutsche","Haupwohnsitzbevölkerung - Deutsche","","","","2011","Stadtbezirk","5","05 Au - Haidhausen"
"Bevölkerung","Migrationshintergrundquote","Deutsche","19,5","3719","19075","","","","Personen mit Migrationshintergrund - Deutsche","Haupwohnsitzbevölkerung - Deutsche","","","","2011","Stadtbezirk","8","08 Schwanthalerhöhe"
"Bevölkerung","Migrationshintergrundquote","Deutsche","20","7398","37040","","","","Personen mit Migrationshintergrund - Deutsche","Haupwohnsitzbevölkerung - Deutsche","","","","2011","Stadtbezirk","20","20 Hadern"
"Bevölkerung","Migrationshintergrundquote","Deutsche","18,4","197609","1076006","","","","Personen mit Migrationshintergrund - Deutsche","Haupwohnsitzbevölkerung - Deutsche","","","","2011","Gesamtstadt","#100","Stadt München"
"Bevölkerung","Migrationshintergrundquote","Deutsche","20,7","6215","29984","","","","Personen mit Migrationshintergrund - Deutsche","Haupwohnsitzbevölkerung - Deutsche","","","","2011","Stadtbezirk","14","14 Berg am Laim"
"Bevölkerung","Migrationshintergrundquote","Deutsche","19,9","10513","52810","","","","Personen mit Migrationshintergrund - Deutsche","Haupwohnsitzbevölkerung - Deutsche","","","","2011","Stadtbezirk","15","15 Trudering - Riem"
"Bevölkerung","Migrationshintergrundquote","Deutsche","26,6","20039","75406","","","","Personen mit Migrationshintergrund - Deutsche","Haupwohnsitzbevölkerung - Deutsche","","","","2011","Stadtbezirk","16","16 Ramersdorf - Perlach"
"Bevölkerung","Migrationshintergrundquote","Deutsche","19","6024","31711","","","","Personen mit Migrationshintergrund - Deutsche","Haupwohnsitzbevölkerung - Deutsche","","","","2011","Stadtbezirk","22","22 Aubing - Lochhausen - Langwied"
"Bevölkerung","Migrationshintergrundquote","Deutsche","14,2","3518","24760","","","","Personen mit Migrationshintergrund - Deutsche","Haupwohnsitzbevölkerung - Deutsche","","","","2011","Stadtbezirk","23","23 Allach - Untermenzing"
"Bevölkerung","Migrationshintergrundquote","Deutsche","16","11597","72291","","","","Personen mit Migrationshintergrund - Deutsche","Haupwohnsitzbevölkerung - Deutsche","","","","2011","Stadtbezirk","9","09 Neuhausen - Nymphenburg"
"Bevölkerung","Migrationshintergrundquote","Deutsche","18,2","7341","40364","","","","Personen mit Migrationshintergrund - Deutsche","Haupwohnsitzbevölkerung - Deutsche","","","","2011","Stadtbezirk","7","07 Sendling - Westpark"
"Bevölkerung","Migrationshintergrundquote","Deutsche","14,3","5750","40276","","","","Personen mit Migrationshintergrund - Deutsche","Haupwohnsitzbevölkerung - Deutsche","","","","2011","Stadtbezirk","18","18 Untergiesing - Harlaching"
"Bevölkerung","Migrationshintergrundquote","Deutsche","16,1","10873","67624","","","","Personen mit Migrationshintergrund - Deutsche","Haupwohnsitzbevölkerung - Deutsche","","","","2011","Stadtbezirk","19","19 Thalkirchen - Obersendling - Forstenried - Fürstenried - Solln"
"Bevölkerung","Migrationshintergrundquote","Deutsche","14,7","8190","55864","","","","Personen mit Migrationshintergrund - Deutsche","Haupwohnsitzbevölkerung - Deutsche","","","","2011","Stadtbezirk","21","21 Pasing - Obermenzing"
"Bevölkerung","Migrationshintergrundquote","Deutsche","16,6","6748","40724","","","","Personen mit Migrationshintergrund - Deutsche","Haupwohnsitzbevölkerung - Deutsche","","","","2011","Stadtbezirk","25","25 Laim"
"Bevölkerung","Migrationshintergrundquote","Deutsche","21,6","7766","35966","","","","Personen mit Migrationshintergrund - Deutsche","Haupwohnsitzbevölkerung - Deutsche","","","","2011","Stadtbezirk","10","10 Moosach"
"Bevölkerung","Migrationshintergrundquote","Deutsche","18,9","9696","51185","","","","Personen mit Migrationshintergrund - Deutsche","Haupwohnsitzbevölkerung - Deutsche","","","","2011","Stadtbezirk","12","12 Schwabing -  Freimann"
"Bevölkerung","Migrationshintergrundquote","Deutsche","17,3","11121","64262","","","","Personen mit Migrationshintergrund - Deutsche","Haupwohnsitzbevölkerung - Deutsche","","","","2011","Stadtbezirk","13","13 Bogenhausen"
"Bevölkerung","Migrationshintergrundquote","gesamt","37,7","532344","1410741","","","","Personen mit Migrationshintergrund - gesamt","Haupwohnsitzbevölkerung - gesamt","","","","2011","Gesamtstadt","#100","Stadt München"
"Bevölkerung","Migrationshintergrundquote","gesamt","42,5","17573","41342","","","","Personen mit Migrationshintergrund - gesamt","Haupwohnsitzbevölkerung - gesamt","","","","2011","Stadtbezirk","14","14 Berg am Laim"
"Bevölkerung","Migrationshintergrundquote","gesamt","34,9","22686","64983","","","","Personen mit Migrationshintergrund - gesamt","Haupwohnsitzbevölkerung - gesamt","","","","2011","Stadtbezirk","15","15 Trudering - Riem"
"Bevölkerung","Migrationshintergrundquote","gesamt","47,7","50533","105900","","","","Personen mit Migrationshintergrund - gesamt","Haupwohnsitzbevölkerung - gesamt","","","","2011","Stadtbezirk","16","16 Ramersdorf - Perlach"
"Bevölkerung","Migrationshintergrundquote","gesamt","35,4","14102","39789","","","","Personen mit Migrationshintergrund - gesamt","Haupwohnsitzbevölkerung - gesamt","","","","2011","Stadtbezirk","22","22 Aubing - Lochhausen - Langwied"
"Bevölkerung","Migrationshintergrundquote","gesamt","28,5","8451","29693","","","","Personen mit Migrationshintergrund - gesamt","Haupwohnsitzbevölkerung - gesamt","","","","2011","Stadtbezirk","23","23 Allach - Untermenzing"
"Bevölkerung","Migrationshintergrundquote","gesamt","33,2","19033","57297","","","","Personen mit Migrationshintergrund - gesamt","Haupwohnsitzbevölkerung - gesamt","","","","2011","Stadtbezirk","5","05 Au - Haidhausen"
"Bevölkerung","Migrationshintergrundquote","gesamt","46,5","13322","28678","","","","Personen mit Migrationshintergrund - gesamt","Haupwohnsitzbevölkerung - gesamt","","","","2011","Stadtbezirk","8","08 Schwanthalerhöhe"
"Bevölkerung","Migrationshintergrundquote","gesamt","37,5","17817","47459","","","","Personen mit Migrationshintergrund - gesamt","Haupwohnsitzbevölkerung - gesamt","","","","2011","Stadtbezirk","20","20 Hadern"
"Bevölkerung","Migrationshintergrundquote","gesamt","38","20248","53271","","","","Personen mit Migrationshintergrund - gesamt","Haupwohnsitzbevölkerung - gesamt","","","","2011","Stadtbezirk","7","07 Sendling - Westpark"
"Bevölkerung","Migrationshintergrundquote","gesamt","31,6","15929","50455","","","","Personen mit Migrationshintergrund - gesamt","Haupwohnsitzbevölkerung - gesamt","","","","2011","Stadtbezirk","18","18 Untergiesing - Harlaching"
"Bevölkerung","Migrationshintergrundquote","gesamt","33,6","28717","85468","","","","Personen mit Migrationshintergrund - gesamt","Haupwohnsitzbevölkerung - gesamt","","","","2011","Stadtbezirk","19","19 Thalkirchen - Obersendling - Forstenried - Fürstenried - Solln"
"Bevölkerung","Migrationshintergrundquote","gesamt","29,8","20204","67878","","","","Personen mit Migrationshintergrund - gesamt","Haupwohnsitzbevölkerung - gesamt","","","","2011","Stadtbezirk","21","21 Pasing - Obermenzing"
"Bevölkerung","Migrationshintergrundquote","gesamt","35,6","18757","52733","","","","Personen mit Migrationshintergrund - gesamt","Haupwohnsitzbevölkerung - gesamt","","","","2011","Stadtbezirk","25","25 Laim"
"Bevölkerung","Migrationshintergrundquote","gesamt","33","6497","19707","","","","Personen mit Migrationshintergrund - gesamt","Haupwohnsitzbevölkerung - gesamt","","","","2011","Stadtbezirk","1","01 Altstadt - Lehel"
"Bevölkerung","Migrationshintergrundquote","gesamt","33,7","16675","49498","","","","Personen mit Migrationshintergrund - gesamt","Haupwohnsitzbevölkerung - gesamt","","","","2011","Stadtbezirk","3","03 Maxvorstadt"
"Bevölkerung","Migrationshintergrundquote","gesamt","32,5","20697","63644","","","","Personen mit Migrationshintergrund - gesamt","Haupwohnsitzbevölkerung - gesamt","","","","2011","Stadtbezirk","4","04 Schwabing West"
"Bevölkerung","Migrationshintergrundquote","gesamt","54,5","38405","70470","","","","Personen mit Migrationshintergrund - gesamt","Haupwohnsitzbevölkerung - gesamt","","","","2011","Stadtbezirk","11","11 Milbertshofen -  Am Hart"
"Bevölkerung","Migrationshintergrundquote","gesamt","42,9","21184","49384","","","","Personen mit Migrationshintergrund - gesamt","Haupwohnsitzbevölkerung - gesamt","","","","2011","Stadtbezirk","10","10 Moosach"
"Bevölkerung","Migrationshintergrundquote","gesamt","37,8","25217","66706","","","","Personen mit Migrationshintergrund - gesamt","Haupwohnsitzbevölkerung - gesamt","","","","2011","Stadtbezirk","12","12 Schwabing -  Freimann"
"Bevölkerung","Migrationshintergrundquote","gesamt","32,9","26034","79175","","","","Personen mit Migrationshintergrund - gesamt","Haupwohnsitzbevölkerung - gesamt","","","","2011","Stadtbezirk","13","13 Bogenhausen"
"Bevölkerung","Migrationshintergrundquote","gesamt","36,2","17467","48231","","","","Personen mit Migrationshintergrund - gesamt","Haupwohnsitzbevölkerung - gesamt","","","","2011","Stadtbezirk","2","02 Ludwigsvorstadt - Isarvorstadt"
"Bevölkerung","Migrationshintergrundquote","gesamt","36,9","14401","39002","","","","Personen mit Migrationshintergrund - gesamt","Haupwohnsitzbevölkerung - gesamt","","","","2011","Stadtbezirk","6","06 Sendling"
"Bevölkerung","Migrationshintergrundquote","gesamt","42,3","21418","50656","","","","Personen mit Migrationshintergrund - gesamt","Haupwohnsitzbevölkerung - gesamt","","","","2011","Stadtbezirk","17","17 Obergiesing - Fasangarten"
"Bevölkerung","Migrationshintergrundquote","gesamt","44,6","25532","57183","","","","Personen mit Migrationshintergrund - gesamt","Haupwohnsitzbevölkerung - gesamt","","","","2011","Stadtbezirk","24","24 Feldmoching - Hasenbergl"
"Bevölkerung","Migrationshintergrundquote","gesamt","36,9","17549","47599","","","","Personen mit Migrationshintergrund - gesamt","Haupwohnsitzbevölkerung - gesamt","","","","2008","Stadtbezirk","2","02 Ludwigsvorstadt - Isarvorstadt"
"Bevölkerung","Migrationshintergrundquote","gesamt","36,5","13985","38335","","","","Personen mit Migrationshintergrund - gesamt","Haupwohnsitzbevölkerung - gesamt","","","","2008","Stadtbezirk","6","06 Sendling"
"Bevölkerung","Migrationshintergrundquote","gesamt","39,9","19272","48282","","","","Personen mit Migrationshintergrund - gesamt","Haupwohnsitzbevölkerung - gesamt","","","","2008","Stadtbezirk","17","17 Obergiesing - Fasangarten"
"Bevölkerung","Migrationshintergrundquote","gesamt","42,1","23448","55667","","","","Personen mit Migrationshintergrund - gesamt","Haupwohnsitzbevölkerung - gesamt","","","","2008","Stadtbezirk","24","24 Feldmoching - Hasenbergl"
"Bevölkerung","Migrationshintergrundquote","gesamt","32,3","28110","87043","","","","Personen mit Migrationshintergrund - gesamt","Haupwohnsitzbevölkerung - gesamt","","","","2008","Stadtbezirk","9","09 Neuhausen - Nymphenburg"
"Bevölkerung","Migrationshintergrundquote","gesamt","32,2","18003","55853","","","","Personen mit Migrationshintergrund - gesamt","Haupwohnsitzbevölkerung - gesamt","","","","2008","Stadtbezirk","5","05 Au - Haidhausen"
"Bevölkerung","Migrationshintergrundquote","gesamt","46,8","12998","27778","","","","Personen mit Migrationshintergrund - gesamt","Haupwohnsitzbevölkerung - gesamt","","","","2008","Stadtbezirk","8","08 Schwanthalerhöhe"
"Bevölkerung","Migrationshintergrundquote","gesamt","35,9","16653","46385","","","","Personen mit Migrationshintergrund - gesamt","Haupwohnsitzbevölkerung - gesamt","","","","2008","Stadtbezirk","20","20 Hadern"
"Bevölkerung","Migrationshintergrundquote","gesamt","100","12","12","","","","Personen mit Migrationshintergrund - gesamt","Haupwohnsitzbevölkerung - gesamt","","","","2008","Stadtbezirk","99","99 nicht zuzuordnen"
"Bevölkerung","Migrationshintergrundquote","gesamt","40,2","19454","48451","","","","Personen mit Migrationshintergrund - gesamt","Haupwohnsitzbevölkerung - gesamt","","","","2008","Stadtbezirk","10","10 Moosach"
"Bevölkerung","Migrationshintergrundquote","gesamt","35,9","23123","64350","","","","Personen mit Migrationshintergrund - gesamt","Haupwohnsitzbevölkerung - gesamt","","","","2008","Stadtbezirk","12","12 Schwabing -  Freimann"
"Bevölkerung","Migrationshintergrundquote","gesamt","31,1","23963","77112","","","","Personen mit Migrationshintergrund - gesamt","Haupwohnsitzbevölkerung - gesamt","","","","2008","Stadtbezirk","13","13 Bogenhausen"
"Bevölkerung","Migrationshintergrundquote","gesamt","32,3","17834","55288","","","","Personen mit Migrationshintergrund - gesamt","Haupwohnsitzbevölkerung - gesamt","","","","2007","Stadtbezirk","5","05 Au - Haidhausen"
"Bevölkerung","Migrationshintergrundquote","gesamt","46,4","12477","26877","","","","Personen mit Migrationshintergrund - gesamt","Haupwohnsitzbevölkerung - gesamt","","","","2007","Stadtbezirk","8","08 Schwanthalerhöhe"
"Bevölkerung","Migrationshintergrundquote","gesamt","35,5","16338","46059","","","","Personen mit Migrationshintergrund - gesamt","Haupwohnsitzbevölkerung - gesamt","","","","2007","Stadtbezirk","20","20 Hadern"
"Bevölkerung","Migrationshintergrundquote","gesamt","33,3","1","3","","","","Personen mit Migrationshintergrund - gesamt","Haupwohnsitzbevölkerung - gesamt","","","","2007","Stadtbezirk","99","99 nicht zuzuordnen"
"Bevölkerung","Migrationshintergrundquote","Deutsche","13","5587","43041","","","","Personen mit Migrationshintergrund - Deutsche","Haupwohnsitzbevölkerung - Deutsche","","","","2007","Stadtbezirk","5","05 Au - Haidhausen"
"Bevölkerung","Migrationshintergrundquote","Deutsche","17,2","2986","17386","","","","Personen mit Migrationshintergrund - Deutsche","Haupwohnsitzbevölkerung - Deutsche","","","","2007","Stadtbezirk","8","08 Schwanthalerhöhe"
"Bevölkerung","Migrationshintergrundquote","Deutsche","18,2","6594","36315","","","","Personen mit Migrationshintergrund - Deutsche","Haupwohnsitzbevölkerung - Deutsche","","","","2007","Stadtbezirk","20","20 Hadern"
"Bevölkerung","Migrationshintergrundquote","Deutsche","0","0","2","","","","Personen mit Migrationshintergrund - Deutsche","Haupwohnsitzbevölkerung - Deutsche","","","","2007","Stadtbezirk","99","99 nicht zuzuordnen"
"Bevölkerung","Migrationshintergrundquote","gesamt","39,6","19119","48306","","","","Personen mit Migrationshintergrund - gesamt","Haupwohnsitzbevölkerung - gesamt","","","","2007","Stadtbezirk","10","10 Moosach"
"Bevölkerung","Migrationshintergrundquote","gesamt","35,9","22907","63832","","","","Personen mit Migrationshintergrund - gesamt","Haupwohnsitzbevölkerung - gesamt","","","","2007","Stadtbezirk","12","12 Schwabing -  Freimann"
"Bevölkerung","Migrationshintergrundquote","gesamt","30,6","23509","76709","","","","Personen mit Migrationshintergrund - gesamt","Haupwohnsitzbevölkerung - gesamt","","","","2007","Stadtbezirk","13","13 Bogenhausen"
"Bevölkerung","Migrationshintergrundquote","Deutsche","17,9","5248","29262","","","","Personen mit Migrationshintergrund - Deutsche","Haupwohnsitzbevölkerung - Deutsche","","","","2007","Stadtbezirk","14","14 Berg am Laim"
"Bevölkerung","Migrationshintergrundquote","Deutsche","15,7","7432","47264","","","","Personen mit Migrationshintergrund - Deutsche","Haupwohnsitzbevölkerung - Deutsche","","","","2007","Stadtbezirk","15","15 Trudering - Riem"
"Bevölkerung","Migrationshintergrundquote","Deutsche","23,5","17738","75442","","","","Personen mit Migrationshintergrund - Deutsche","Haupwohnsitzbevölkerung - Deutsche","","","","2007","Stadtbezirk","16","16 Ramersdorf - Perlach"
"Bevölkerung","Migrationshintergrundquote","Deutsche","16,5","5108","31009","","","","Personen mit Migrationshintergrund - Deutsche","Haupwohnsitzbevölkerung - Deutsche","","","","2007","Stadtbezirk","22","22 Aubing - Lochhausen - Langwied"
"Bevölkerung","Migrationshintergrundquote","Deutsche","12,6","2975","23625","","","","Personen mit Migrationshintergrund - Deutsche","Haupwohnsitzbevölkerung - Deutsche","","","","2007","Stadtbezirk","23","23 Allach - Untermenzing"
"Bevölkerung","Migrationshintergrundquote","Deutsche","13,1","4398","33696","","","","Personen mit Migrationshintergrund - Deutsche","Haupwohnsitzbevölkerung - Deutsche","","","","2007","Stadtbezirk","2","02 Ludwigsvorstadt - Isarvorstadt"
"Bevölkerung","Migrationshintergrundquote","Deutsche","14,7","4141","28208","","","","Personen mit Migrationshintergrund - Deutsche","Haupwohnsitzbevölkerung - Deutsche","","","","2007","Stadtbezirk","6","06 Sendling"
"Bevölkerung","Migrationshintergrundquote","Deutsche","16,6","5756","34638","","","","Personen mit Migrationshintergrund - Deutsche","Haupwohnsitzbevölkerung - Deutsche","","","","2007","Stadtbezirk","17","17 Obergiesing - Fasangarten"
"Bevölkerung","Migrationshintergrundquote","Deutsche","20,9","8539","40833","","","","Personen mit Migrationshintergrund - Deutsche","Haupwohnsitzbevölkerung - Deutsche","","","","2007","Stadtbezirk","24","24 Feldmoching - Hasenbergl"
"Bevölkerung","Migrationshintergrundquote","gesamt","37","17222","46520","","","","Personen mit Migrationshintergrund - gesamt","Haupwohnsitzbevölkerung - gesamt","","","","2007","Stadtbezirk","2","02 Ludwigsvorstadt - Isarvorstadt"
"Bevölkerung","Migrationshintergrundquote","gesamt","36,6","13873","37940","","","","Personen mit Migrationshintergrund - gesamt","Haupwohnsitzbevölkerung - gesamt","","","","2007","Stadtbezirk","6","06 Sendling"
"Bevölkerung","Migrationshintergrundquote","gesamt","39,6","18909","47791","","","","Personen mit Migrationshintergrund - gesamt","Haupwohnsitzbevölkerung - gesamt","","","","2007","Stadtbezirk","17","17 Obergiesing - Fasangarten"
"Bevölkerung","Migrationshintergrundquote","gesamt","41,8","23181","55475","","","","Personen mit Migrationshintergrund - gesamt","Haupwohnsitzbevölkerung - gesamt","","","","2007","Stadtbezirk","24","24 Feldmoching - Hasenbergl"
"Bevölkerung","Migrationshintergrundquote","gesamt","32,2","6193","19228","","","","Personen mit Migrationshintergrund - gesamt","Haupwohnsitzbevölkerung - gesamt","","","","2007","Stadtbezirk","1","01 Altstadt - Lehel"
"Bevölkerung","Migrationshintergrundquote","gesamt","33,1","15787","47711","","","","Personen mit Migrationshintergrund - gesamt","Haupwohnsitzbevölkerung - gesamt","","","","2007","Stadtbezirk","3","03 Maxvorstadt"
"Bevölkerung","Migrationshintergrundquote","gesamt","31,5","19375","61514","","","","Personen mit Migrationshintergrund - gesamt","Haupwohnsitzbevölkerung - gesamt","","","","2007","Stadtbezirk","4","04 Schwabing West"
"Bevölkerung","Migrationshintergrundquote","gesamt","51,3","34787","67864","","","","Personen mit Migrationshintergrund - gesamt","Haupwohnsitzbevölkerung - gesamt","","","","2007","Stadtbezirk","11","11 Milbertshofen -  Am Hart"
"Bevölkerung","Migrationshintergrundquote","gesamt","35,4","18312","51745","","","","Personen mit Migrationshintergrund - gesamt","Haupwohnsitzbevölkerung - gesamt","","","","2007","Stadtbezirk","7","07 Sendling - Westpark"
"Bevölkerung","Migrationshintergrundquote","gesamt","30,2","14784","48990","","","","Personen mit Migrationshintergrund - gesamt","Haupwohnsitzbevölkerung - gesamt","","","","2007","Stadtbezirk","18","18 Untergiesing - Harlaching"
"Bevölkerung","Migrationshintergrundquote","gesamt","30,6","25190","82283","","","","Personen mit Migrationshintergrund - gesamt","Haupwohnsitzbevölkerung - gesamt","","","","2007","Stadtbezirk","19","19 Thalkirchen - Obersendling - Forstenried - Fürstenried - Solln"
"Bevölkerung","Migrationshintergrundquote","gesamt","27,6","17878","64773","","","","Personen mit Migrationshintergrund - gesamt","Haupwohnsitzbevölkerung - gesamt","","","","2007","Stadtbezirk","21","21 Pasing - Obermenzing"
"Bevölkerung","Migrationshintergrundquote","gesamt","33,2","16821","50600","","","","Personen mit Migrationshintergrund - gesamt","Haupwohnsitzbevölkerung - gesamt","","","","2007","Stadtbezirk","25","25 Laim"
"Bevölkerung","Migrationshintergrundquote","Deutsche","16,2","168467","1040124","","","","Personen mit Migrationshintergrund - Deutsche","Haupwohnsitzbevölkerung - Deutsche","","","","2007","Gesamtstadt","#100","Stadt München"
"Bevölkerung","Migrationshintergrundquote","gesamt","31,9","27419","85964","","","","Personen mit Migrationshintergrund - gesamt","Haupwohnsitzbevölkerung - gesamt","","","","2007","Stadtbezirk","9","09 Neuhausen - Nymphenburg"
"Bevölkerung","Migrationshintergrundquote","Deutsche","19,2","6927","36114","","","","Personen mit Migrationshintergrund - Deutsche","Haupwohnsitzbevölkerung - Deutsche","","","","2007","Stadtbezirk","10","10 Moosach"
"Bevölkerung","Migrationshintergrundquote","Deutsche","17","8365","49290","","","","Personen mit Migrationshintergrund - Deutsche","Haupwohnsitzbevölkerung - Deutsche","","","","2007","Stadtbezirk","12","12 Schwabing -  Freimann"
"Bevölkerung","Migrationshintergrundquote","Deutsche","15,3","9617","62817","","","","Personen mit Migrationshintergrund - Deutsche","Haupwohnsitzbevölkerung - Deutsche","","","","2007","Stadtbezirk","13","13 Bogenhausen"
"Bevölkerung","Migrationshintergrundquote","Deutsche","12,7","1903","14938","","","","Personen mit Migrationshintergrund - Deutsche","Haupwohnsitzbevölkerung - Deutsche","","","","2007","Stadtbezirk","1","01 Altstadt - Lehel"
"Bevölkerung","Migrationshintergrundquote","Deutsche","12,8","4676","36600","","","","Personen mit Migrationshintergrund - Deutsche","Haupwohnsitzbevölkerung - Deutsche","","","","2007","Stadtbezirk","3","03 Maxvorstadt"
"Bevölkerung","Migrationshintergrundquote","Deutsche","13,8","6722","48861","","","","Personen mit Migrationshintergrund - Deutsche","Haupwohnsitzbevölkerung - Deutsche","","","","2007","Stadtbezirk","4","04 Schwabing West"
"Bevölkerung","Migrationshintergrundquote","Deutsche","24,8","10884","43961","","","","Personen mit Migrationshintergrund - Deutsche","Haupwohnsitzbevölkerung - Deutsche","","","","2007","Stadtbezirk","11","11 Milbertshofen -  Am Hart"
"Bevölkerung","Migrationshintergrundquote","gesamt","39,6","15769","39783","","","","Personen mit Migrationshintergrund - gesamt","Haupwohnsitzbevölkerung - gesamt","","","","2007","Stadtbezirk","14","14 Berg am Laim"
"Bevölkerung","Migrationshintergrundquote","gesamt","29,5","16655","56487","","","","Personen mit Migrationshintergrund - gesamt","Haupwohnsitzbevölkerung - gesamt","","","","2007","Stadtbezirk","15","15 Trudering - Riem"
"Bevölkerung","Migrationshintergrundquote","gesamt","44,2","45743","103447","","","","Personen mit Migrationshintergrund - gesamt","Haupwohnsitzbevölkerung - gesamt","","","","2007","Stadtbezirk","16","16 Ramersdorf - Perlach"
"Bevölkerung","Migrationshintergrundquote","gesamt","32","12190","38091","","","","Personen mit Migrationshintergrund - gesamt","Haupwohnsitzbevölkerung - gesamt","","","","2007","Stadtbezirk","22","22 Aubing - Lochhausen - Langwied"
"Bevölkerung","Migrationshintergrundquote","gesamt","26,7","7515","28165","","","","Personen mit Migrationshintergrund - gesamt","Haupwohnsitzbevölkerung - gesamt","","","","2007","Stadtbezirk","23","23 Allach - Untermenzing"
"Bevölkerung","Migrationshintergrundquote","Deutsche","13,7","9301","67846","","","","Personen mit Migrationshintergrund - Deutsche","Haupwohnsitzbevölkerung - Deutsche","","","","2007","Stadtbezirk","9","09 Neuhausen - Nymphenburg"
"Bevölkerung","Migrationshintergrundquote","Deutsche","16,2","6482","39915","","","","Personen mit Migrationshintergrund - Deutsche","Haupwohnsitzbevölkerung - Deutsche","","","","2007","Stadtbezirk","7","07 Sendling - Westpark"
"Bevölkerung","Migrationshintergrundquote","Deutsche","13","5125","39331","","","","Personen mit Migrationshintergrund - Deutsche","Haupwohnsitzbevölkerung - Deutsche","","","","2007","Stadtbezirk","18","18 Untergiesing - Harlaching"
"Bevölkerung","Migrationshintergrundquote","Deutsche","14,1","9341","66434","","","","Personen mit Migrationshintergrund - Deutsche","Haupwohnsitzbevölkerung - Deutsche","","","","2007","Stadtbezirk","19","19 Thalkirchen - Obersendling - Forstenried - Fürstenried - Solln"
"Bevölkerung","Migrationshintergrundquote","Deutsche","12,7","6811","53706","","","","Personen mit Migrationshintergrund - Deutsche","Haupwohnsitzbevölkerung - Deutsche","","","","2007","Stadtbezirk","21","21 Pasing - Obermenzing"
"Bevölkerung","Migrationshintergrundquote","Deutsche","14,7","5811","39590","","","","Personen mit Migrationshintergrund - Deutsche","Haupwohnsitzbevölkerung - Deutsche","","","","2007","Stadtbezirk","25","25 Laim"
"Bevölkerung","Migrationshintergrundquote","gesamt","37,4","18591","49657","","","","Personen mit Migrationshintergrund - gesamt","Haupwohnsitzbevölkerung - gesamt","","","","2012","Stadtbezirk","2","02 Ludwigsvorstadt - Isarvorstadt"
"Bevölkerung","Migrationshintergrundquote","gesamt","37,5","14838","39567","","","","Personen mit Migrationshintergrund - gesamt","Haupwohnsitzbevölkerung - gesamt","","","","2012","Stadtbezirk","6","06 Sendling"
"Bevölkerung","Migrationshintergrundquote","gesamt","42,7","21865","51183","","","","Personen mit Migrationshintergrund - gesamt","Haupwohnsitzbevölkerung - gesamt","","","","2012","Stadtbezirk","17","17 Obergiesing - Fasangarten"
"Bevölkerung","Migrationshintergrundquote","gesamt","45,6","26569","58245","","","","Personen mit Migrationshintergrund - gesamt","Haupwohnsitzbevölkerung - gesamt","","","","2012","Stadtbezirk","24","24 Feldmoching - Hasenbergl"
"Bevölkerung","Migrationshintergrundquote","gesamt","39","21260","54552","","","","Personen mit Migrationshintergrund - gesamt","Haupwohnsitzbevölkerung - gesamt","","","","2012","Stadtbezirk","7","07 Sendling - Westpark"
"Bevölkerung","Migrationshintergrundquote","gesamt","32,1","16452","51180","","","","Personen mit Migrationshintergrund - gesamt","Haupwohnsitzbevölkerung - gesamt","","","","2012","Stadtbezirk","18","18 Untergiesing - Harlaching"
"Bevölkerung","Migrationshintergrundquote","gesamt","34,6","30158","87271","","","","Personen mit Migrationshintergrund - gesamt","Haupwohnsitzbevölkerung - gesamt","","","","2012","Stadtbezirk","19","19 Thalkirchen - Obersendling - Forstenried - Fürstenried - Solln"
"Bevölkerung","Migrationshintergrundquote","gesamt","30,7","21295","69295","","","","Personen mit Migrationshintergrund - gesamt","Haupwohnsitzbevölkerung - gesamt","","","","2012","Stadtbezirk","21","21 Pasing - Obermenzing"
"Bevölkerung","Migrationshintergrundquote","gesamt","36,6","19535","53359","","","","Personen mit Migrationshintergrund - gesamt","Haupwohnsitzbevölkerung - gesamt","","","","2012","Stadtbezirk","25","25 Laim"
"Bevölkerung","Migrationshintergrundquote","gesamt","33,9","19956","58881","","","","Personen mit Migrationshintergrund - gesamt","Haupwohnsitzbevölkerung - gesamt","","","","2012","Stadtbezirk","5","05 Au - Haidhausen"
"Bevölkerung","Migrationshintergrundquote","gesamt","46,5","13660","29402","","","","Personen mit Migrationshintergrund - gesamt","Haupwohnsitzbevölkerung - gesamt","","","","2012","Stadtbezirk","8","08 Schwanthalerhöhe"
"Bevölkerung","Migrationshintergrundquote","gesamt","38,1","18287","47949","","","","Personen mit Migrationshintergrund - gesamt","Haupwohnsitzbevölkerung - gesamt","","","","2012","Stadtbezirk","20","20 Hadern"
"Bevölkerung","Migrationshintergrundquote","gesamt","96,2","25","26","","","","Personen mit Migrationshintergrund - gesamt","Haupwohnsitzbevölkerung - gesamt","","","","2012","Stadtbezirk","99","99 nicht zuzuordnen"
"Bevölkerung","Migrationshintergrundquote","gesamt","34,3","6875","20048","","","","Personen mit Migrationshintergrund - gesamt","Haupwohnsitzbevölkerung - gesamt","","","","2012","Stadtbezirk","1","01 Altstadt - Lehel"
"Bevölkerung","Migrationshintergrundquote","gesamt","34,8","17723","50877","","","","Personen mit Migrationshintergrund - gesamt","Haupwohnsitzbevölkerung - gesamt","","","","2012","Stadtbezirk","3","03 Maxvorstadt"
"Bevölkerung","Migrationshintergrundquote","gesamt","33,1","21452","64768","","","","Personen mit Migrationshintergrund - gesamt","Haupwohnsitzbevölkerung - gesamt","","","","2012","Stadtbezirk","4","04 Schwabing West"
"Bevölkerung","Migrationshintergrundquote","gesamt","55,6","40281","72506","","","","Personen mit Migrationshintergrund - gesamt","Haupwohnsitzbevölkerung - gesamt","","","","2012","Stadtbezirk","11","11 Milbertshofen -  Am Hart"
"Bevölkerung","Migrationshintergrundquote","Deutsche","13,8","4987","36053","","","","Personen mit Migrationshintergrund - Deutsche","Haupwohnsitzbevölkerung - Deutsche","","","","2012","Stadtbezirk","2","02 Ludwigsvorstadt - Isarvorstadt"
"Bevölkerung","Migrationshintergrundquote","Deutsche","16,1","4750","29479","","","","Personen mit Migrationshintergrund - Deutsche","Haupwohnsitzbevölkerung - Deutsche","","","","2012","Stadtbezirk","6","06 Sendling"
"Bevölkerung","Migrationshintergrundquote","Deutsche","19,2","6956","36274","","","","Personen mit Migrationshintergrund - Deutsche","Haupwohnsitzbevölkerung - Deutsche","","","","2012","Stadtbezirk","17","17 Obergiesing - Fasangarten"
"Bevölkerung","Migrationshintergrundquote","Deutsche","24","10013","41689","","","","Personen mit Migrationshintergrund - Deutsche","Haupwohnsitzbevölkerung - Deutsche","","","","2012","Stadtbezirk","24","24 Feldmoching - Hasenbergl"
"Bevölkerung","Migrationshintergrundquote","gesamt","38,6","555685","1439474","","","","Personen mit Migrationshintergrund - gesamt","Haupwohnsitzbevölkerung - gesamt","","","","2012","Gesamtstadt","#100","Stadt München"
"Bevölkerung","Migrationshintergrundquote","gesamt","43,6","18429","42310","","","","Personen mit Migrationshintergrund - gesamt","Haupwohnsitzbevölkerung - gesamt","","","","2012","Stadtbezirk","14","14 Berg am Laim"
"Bevölkerung","Migrationshintergrundquote","gesamt","35,3","23263","65869","","","","Personen mit Migrationshintergrund - gesamt","Haupwohnsitzbevölkerung - gesamt","","","","2012","Stadtbezirk","15","15 Trudering - Riem"
"Bevölkerung","Migrationshintergrundquote","gesamt","48,6","52053","107164","","","","Personen mit Migrationshintergrund - gesamt","Haupwohnsitzbevölkerung - gesamt","","","","2012","Stadtbezirk","16","16 Ramersdorf - Perlach"
"Bevölkerung","Migrationshintergrundquote","gesamt","36,5","15024","41116","","","","Personen mit Migrationshintergrund - gesamt","Haupwohnsitzbevölkerung - gesamt","","","","2012","Stadtbezirk","22","22 Aubing - Lochhausen - Langwied"
"Bevölkerung","Migrationshintergrundquote","gesamt","29,6","9003","30393","","","","Personen mit Migrationshintergrund - gesamt","Haupwohnsitzbevölkerung - gesamt","","","","2012","Stadtbezirk","23","23 Allach - Untermenzing"
"Bevölkerung","Migrationshintergrundquote","Deutsche","21,7","7856","36215","","","","Personen mit Migrationshintergrund - Deutsche","Haupwohnsitzbevölkerung - Deutsche","","","","2012","Stadtbezirk","10","10 Moosach"
"Bevölkerung","Migrationshintergrundquote","Deutsche","19,1","9932","51925","","","","Personen mit Migrationshintergrund - Deutsche","Haupwohnsitzbevölkerung - Deutsche","","","","2012","Stadtbezirk","12","12 Schwabing -  Freimann"
"Bevölkerung","Migrationshintergrundquote","Deutsche","17,5","11337","64650","","","","Personen mit Migrationshintergrund - Deutsche","Haupwohnsitzbevölkerung - Deutsche","","","","2012","Stadtbezirk","13","13 Bogenhausen"
"Bevölkerung","Migrationshintergrundquote","Deutsche","14","2146","15319","","","","Personen mit Migrationshintergrund - Deutsche","Haupwohnsitzbevölkerung - Deutsche","","","","2012","Stadtbezirk","1","01 Altstadt - Lehel"
"Bevölkerung","Migrationshintergrundquote","Deutsche","14,2","5498","38652","","","","Personen mit Migrationshintergrund - Deutsche","Haupwohnsitzbevölkerung - Deutsche","","","","2012","Stadtbezirk","3","03 Maxvorstadt"
"Bevölkerung","Migrationshintergrundquote","Deutsche","12,7","5345","42015","","","","Personen mit Migrationshintergrund - Deutsche","Haupwohnsitzbevölkerung - Deutsche","","","","2006","Stadtbezirk","5","05 Au - Haidhausen"
"Bevölkerung","Migrationshintergrundquote","Deutsche","16,4","2740","16710","","","","Personen mit Migrationshintergrund - Deutsche","Haupwohnsitzbevölkerung - Deutsche","","","","2006","Stadtbezirk","8","08 Schwanthalerhöhe"
"Bevölkerung","Migrationshintergrundquote","Deutsche","17,7","6319","35775","","","","Personen mit Migrationshintergrund - Deutsche","Haupwohnsitzbevölkerung - Deutsche","","","","2006","Stadtbezirk","20","20 Hadern"
"Bevölkerung","Migrationshintergrundquote","Deutsche","0","0","8","","","","Personen mit Migrationshintergrund - Deutsche","Haupwohnsitzbevölkerung - Deutsche","","","","2006","Stadtbezirk","99","99 nicht zuzuordnen"
"Bevölkerung","Migrationshintergrundquote","Deutsche","15,7","6142","39157","","","","Personen mit Migrationshintergrund - Deutsche","Haupwohnsitzbevölkerung - Deutsche","","","","2006","Stadtbezirk","7","07 Sendling - Westpark"
"Bevölkerung","Migrationshintergrundquote","Deutsche","12,6","4896","38738","","","","Personen mit Migrationshintergrund - Deutsche","Haupwohnsitzbevölkerung - Deutsche","","","","2006","Stadtbezirk","18","18 Untergiesing - Harlaching"
"Bevölkerung","Migrationshintergrundquote","Deutsche","13,7","8987","65482","","","","Personen mit Migrationshintergrund - Deutsche","Haupwohnsitzbevölkerung - Deutsche","","","","2006","Stadtbezirk","19","19 Thalkirchen - Obersendling - Forstenried - Fürstenried - Solln"
"Bevölkerung","Migrationshintergrundquote","Deutsche","11,9","6315","52863","","","","Personen mit Migrationshintergrund - Deutsche","Haupwohnsitzbevölkerung - Deutsche","","","","2006","Stadtbezirk","21","21 Pasing - Obermenzing"
"Bevölkerung","Migrationshintergrundquote","Deutsche","14,5","5702","39313","","","","Personen mit Migrationshintergrund - Deutsche","Haupwohnsitzbevölkerung - Deutsche","","","","2006","Stadtbezirk","25","25 Laim"
"Bevölkerung","Migrationshintergrundquote","gesamt","32,6","17712","54382","","","","Personen mit Migrationshintergrund - gesamt","Haupwohnsitzbevölkerung - gesamt","","","","2006","Stadtbezirk","5","05 Au - Haidhausen"
"Bevölkerung","Migrationshintergrundquote","gesamt","46,5","12133","26103","","","","Personen mit Migrationshintergrund - gesamt","Haupwohnsitzbevölkerung - gesamt","","","","2006","Stadtbezirk","8","08 Schwanthalerhöhe"
"Bevölkerung","Migrationshintergrundquote","gesamt","34,5","15537","44993","","","","Personen mit Migrationshintergrund - gesamt","Haupwohnsitzbevölkerung - gesamt","","","","2006","Stadtbezirk","20","20 Hadern"
"Bevölkerung","Migrationshintergrundquote","gesamt","42,9","6","14","","","","Personen mit Migrationshintergrund - gesamt","Haupwohnsitzbevölkerung - gesamt","","","","2006","Stadtbezirk","99","99 nicht zuzuordnen"
"Bevölkerung","Migrationshintergrundquote","gesamt","35","464807","1326206","","","","Personen mit Migrationshintergrund - gesamt","Haupwohnsitzbevölkerung - gesamt","","","","2006","Gesamtstadt","#100","Stadt München"
"Bevölkerung","Migrationshintergrundquote","gesamt","38,7","15083","38995","","","","Personen mit Migrationshintergrund - gesamt","Haupwohnsitzbevölkerung - gesamt","","","","2006","Stadtbezirk","14","14 Berg am Laim"
"Bevölkerung","Migrationshintergrundquote","gesamt","28,6","15410","53915","","","","Personen mit Migrationshintergrund - gesamt","Haupwohnsitzbevölkerung - gesamt","","","","2006","Stadtbezirk","15","15 Trudering - Riem"
"Bevölkerung","Migrationshintergrundquote","gesamt","43,4","44615","102689","","","","Personen mit Migrationshintergrund - gesamt","Haupwohnsitzbevölkerung - gesamt","","","","2006","Stadtbezirk","16","16 Ramersdorf - Perlach"
"Bevölkerung","Migrationshintergrundquote","gesamt","31,4","11869","37857","","","","Personen mit Migrationshintergrund - gesamt","Haupwohnsitzbevölkerung - gesamt","","","","2006","Stadtbezirk","22","22 Aubing - Lochhausen - Langwied"
"Bevölkerung","Migrationshintergrundquote","gesamt","26,6","7383","27730","","","","Personen mit Migrationshintergrund - gesamt","Haupwohnsitzbevölkerung - gesamt","","","","2006","Stadtbezirk","23","23 Allach - Untermenzing"
"Bevölkerung","Migrationshintergrundquote","gesamt","35,1","17888","50903","","","","Personen mit Migrationshintergrund - gesamt","Haupwohnsitzbevölkerung - gesamt","","","","2006","Stadtbezirk","7","07 Sendling - Westpark"
"Bevölkerung","Migrationshintergrundquote","gesamt","29,6","14233","48075","","","","Personen mit Migrationshintergrund - gesamt","Haupwohnsitzbevölkerung - gesamt","","","","2006","Stadtbezirk","18","18 Untergiesing - Harlaching"
"Bevölkerung","Migrationshintergrundquote","gesamt","30","24206","80701","","","","Personen mit Migrationshintergrund - gesamt","Haupwohnsitzbevölkerung - gesamt","","","","2006","Stadtbezirk","19","19 Thalkirchen - Obersendling - Forstenried - Fürstenried - Solln"
"Bevölkerung","Migrationshintergrundquote","gesamt","27","17215","63763","","","","Personen mit Migrationshintergrund - gesamt","Haupwohnsitzbevölkerung - gesamt","","","","2006","Stadtbezirk","21","21 Pasing - Obermenzing"
"Bevölkerung","Migrationshintergrundquote","gesamt","32,8","16417","50028","","","","Personen mit Migrationshintergrund - gesamt","Haupwohnsitzbevölkerung - gesamt","","","","2006","Stadtbezirk","25","25 Laim"
"Bevölkerung","Migrationshintergrundquote","gesamt","37","16903","45736","","","","Personen mit Migrationshintergrund - gesamt","Haupwohnsitzbevölkerung - gesamt","","","","2006","Stadtbezirk","2","02 Ludwigsvorstadt - Isarvorstadt"
"Bevölkerung","Migrationshintergrundquote","gesamt","36,3","13474","37146","","","","Personen mit Migrationshintergrund - gesamt","Haupwohnsitzbevölkerung - gesamt","","","","2006","Stadtbezirk","6","06 Sendling"
"Bevölkerung","Migrationshintergrundquote","gesamt","39,1","18359","47007","","","","Personen mit Migrationshintergrund - gesamt","Haupwohnsitzbevölkerung - gesamt","","","","2006","Stadtbezirk","17","17 Obergiesing - Fasangarten"
"Bevölkerung","Migrationshintergrundquote","gesamt","40,7","22079","54245","","","","Personen mit Migrationshintergrund - gesamt","Haupwohnsitzbevölkerung - gesamt","","","","2006","Stadtbezirk","24","24 Feldmoching - Hasenbergl"
"Bevölkerung","Migrationshintergrundquote","gesamt","31,6","5965","18876","","","","Personen mit Migrationshintergrund - gesamt","Haupwohnsitzbevölkerung - gesamt","","","","2006","Stadtbezirk","1","01 Altstadt - Lehel"
"Bevölkerung","Migrationshintergrundquote","gesamt","33,1","15235","46058","","","","Personen mit Migrationshintergrund - gesamt","Haupwohnsitzbevölkerung - gesamt","","","","2006","Stadtbezirk","3","03 Maxvorstadt"
"Bevölkerung","Migrationshintergrundquote","gesamt","31,5","18775","59553","","","","Personen mit Migrationshintergrund - gesamt","Haupwohnsitzbevölkerung - gesamt","","","","2006","Stadtbezirk","4","04 Schwabing West"
"Bevölkerung","Migrationshintergrundquote","gesamt","50,4","33764","66992","","","","Personen mit Migrationshintergrund - gesamt","Haupwohnsitzbevölkerung - gesamt","","","","2006","Stadtbezirk","11","11 Milbertshofen -  Am Hart"
"Bevölkerung","Migrationshintergrundquote","gesamt","32","27031","84604","","","","Personen mit Migrationshintergrund - gesamt","Haupwohnsitzbevölkerung - gesamt","","","","2006","Stadtbezirk","9","09 Neuhausen - Nymphenburg"
"Bevölkerung","Migrationshintergrundquote","gesamt","38,7","18493","47754","","","","Personen mit Migrationshintergrund - gesamt","Haupwohnsitzbevölkerung - gesamt","","","","2006","Stadtbezirk","10","10 Moosach"
"Bevölkerung","Migrationshintergrundquote","gesamt","35,7","22297","62430","","","","Personen mit Migrationshintergrund - gesamt","Haupwohnsitzbevölkerung - gesamt","","","","2006","Stadtbezirk","12","12 Schwabing -  Freimann"
"Bevölkerung","Migrationshintergrundquote","gesamt","30","22725","75657","","","","Personen mit Migrationshintergrund - gesamt","Haupwohnsitzbevölkerung - gesamt","","","","2006","Stadtbezirk","13","13 Bogenhausen"
"Bevölkerung","Migrationshintergrundquote","Deutsche","13,5","9015","66588","","","","Personen mit Migrationshintergrund - Deutsche","Haupwohnsitzbevölkerung - Deutsche","","","","2006","Stadtbezirk","9","09 Neuhausen - Nymphenburg"
"Bevölkerung","Migrationshintergrundquote","Deutsche","15,7","160362","1021761","","","","Personen mit Migrationshintergrund - Deutsche","Haupwohnsitzbevölkerung - Deutsche","","","","2006","Gesamtstadt","#100","Stadt München"
"Bevölkerung","Migrationshintergrundquote","Deutsche","17,2","4958","28870","","","","Personen mit Migrationshintergrund - Deutsche","Haupwohnsitzbevölkerung - Deutsche","","","","2006","Stadtbezirk","14","14 Berg am Laim"
"Bevölkerung","Migrationshintergrundquote","Deutsche","14,8","6687","45192","","","","Personen mit Migrationshintergrund - Deutsche","Haupwohnsitzbevölkerung - Deutsche","","","","2006","Stadtbezirk","15","15 Trudering - Riem"
"Bevölkerung","Migrationshintergrundquote","Deutsche","22,6","16926","75000","","","","Personen mit Migrationshintergrund - Deutsche","Haupwohnsitzbevölkerung - Deutsche","","","","2006","Stadtbezirk","16","16 Ramersdorf - Perlach"
"Bevölkerung","Migrationshintergrundquote","Deutsche","15,7","4851","30839","","","","Personen mit Migrationshintergrund - Deutsche","Haupwohnsitzbevölkerung - Deutsche","","","","2006","Stadtbezirk","22","22 Aubing - Lochhausen - Langwied"
"Bevölkerung","Migrationshintergrundquote","Deutsche","12,4","2885","23232","","","","Personen mit Migrationshintergrund - Deutsche","Haupwohnsitzbevölkerung - Deutsche","","","","2006","Stadtbezirk","23","23 Allach - Untermenzing"
"Bevölkerung","Migrationshintergrundquote","Deutsche","18,3","6551","35812","","","","Personen mit Migrationshintergrund - Deutsche","Haupwohnsitzbevölkerung - Deutsche","","","","2006","Stadtbezirk","10","10 Moosach"
"Bevölkerung","Migrationshintergrundquote","Deutsche","16,6","8009","48142","","","","Personen mit Migrationshintergrund - Deutsche","Haupwohnsitzbevölkerung - Deutsche","","","","2006","Stadtbezirk","12","12 Schwabing -  Freimann"
"Bevölkerung","Migrationshintergrundquote","Deutsche","15","9306","62238","","","","Personen mit Migrationshintergrund - Deutsche","Haupwohnsitzbevölkerung - Deutsche","","","","2006","Stadtbezirk","13","13 Bogenhausen"
"Bevölkerung","Migrationshintergrundquote","Deutsche","15,6","7990","51306","","","","Personen mit Migrationshintergrund - Deutsche","Haupwohnsitzbevölkerung - Deutsche","","","","2012","Stadtbezirk","4","04 Schwabing West"
"Bevölkerung","Migrationshintergrundquote","Deutsche","28,9","13084","45309","","","","Personen mit Migrationshintergrund - Deutsche","Haupwohnsitzbevölkerung - Deutsche","","","","2012","Stadtbezirk","11","11 Milbertshofen -  Am Hart"
"Bevölkerung","Migrationshintergrundquote","gesamt","43,6","21894","50253","","","","Personen mit Migrationshintergrund - gesamt","Haupwohnsitzbevölkerung - gesamt","","","","2012","Stadtbezirk","10","10 Moosach"
"Bevölkerung","Migrationshintergrundquote","gesamt","38,7","26537","68530","","","","Personen mit Migrationshintergrund - gesamt","Haupwohnsitzbevölkerung - gesamt","","","","2012","Stadtbezirk","12","12 Schwabing -  Freimann"
"Bevölkerung","Migrationshintergrundquote","gesamt","34","27503","80816","","","","Personen mit Migrationshintergrund - gesamt","Haupwohnsitzbevölkerung - gesamt","","","","2012","Stadtbezirk","13","13 Bogenhausen"
"Bevölkerung","Migrationshintergrundquote","gesamt","35,2","33157","94257","","","","Personen mit Migrationshintergrund - gesamt","Haupwohnsitzbevölkerung - gesamt","","","","2012","Stadtbezirk","9","09 Neuhausen - Nymphenburg"
"Bevölkerung","Migrationshintergrundquote","Deutsche","19,9","7373","37035","","","","Personen mit Migrationshintergrund - Deutsche","Haupwohnsitzbevölkerung - Deutsche","","","","2012","Stadtbezirk","20","20 Hadern"
"Bevölkerung","Migrationshintergrundquote","Deutsche","0","0","1","","","","Personen mit Migrationshintergrund - Deutsche","Haupwohnsitzbevölkerung - Deutsche","","","","2012","Stadtbezirk","99","99 nicht zuzuordnen"
"Bevölkerung","Migrationshintergrundquote","Deutsche","16,5","12031","73131","","","","Personen mit Migrationshintergrund - Deutsche","Haupwohnsitzbevölkerung - Deutsche","","","","2012","Stadtbezirk","9","09 Neuhausen - Nymphenburg"
"Bevölkerung","Migrationshintergrundquote","Deutsche","18,2","7431","40723","","","","Personen mit Migrationshintergrund - Deutsche","Haupwohnsitzbevölkerung - Deutsche","","","","2012","Stadtbezirk","7","07 Sendling - Westpark"
"Bevölkerung","Migrationshintergrundquote","Deutsche","14,3","5803","40531","","","","Personen mit Migrationshintergrund - Deutsche","Haupwohnsitzbevölkerung - Deutsche","","","","2012","Stadtbezirk","18","18 Untergiesing - Harlaching"
"Bevölkerung","Migrationshintergrundquote","Deutsche","16,5","11263","68376","","","","Personen mit Migrationshintergrund - Deutsche","Haupwohnsitzbevölkerung - Deutsche","","","","2012","Stadtbezirk","19","19 Thalkirchen - Obersendling - Forstenried - Fürstenried - Solln"
"Bevölkerung","Migrationshintergrundquote","Deutsche","14,9","8413","56413","","","","Personen mit Migrationshintergrund - Deutsche","Haupwohnsitzbevölkerung - Deutsche","","","","2012","Stadtbezirk","21","21 Pasing - Obermenzing"
"Bevölkerung","Migrationshintergrundquote","Deutsche","16,9","6860","40684","","","","Personen mit Migrationshintergrund - Deutsche","Haupwohnsitzbevölkerung - Deutsche","","","","2012","Stadtbezirk","25","25 Laim"
"Bevölkerung","Migrationshintergrundquote","Deutsche","18,6","201869","1085658","","","","Personen mit Migrationshintergrund - Deutsche","Haupwohnsitzbevölkerung - Deutsche","","","","2012","Gesamtstadt","#100","Stadt München"
"Bevölkerung","Migrationshintergrundquote","Deutsche","21,4","6496","30377","","","","Personen mit Migrationshintergrund - Deutsche","Haupwohnsitzbevölkerung - Deutsche","","","","2012","Stadtbezirk","14","14 Berg am Laim"
"Bevölkerung","Migrationshintergrundquote","Deutsche","20,2","10797","53403","","","","Personen mit Migrationshintergrund - Deutsche","Haupwohnsitzbevölkerung - Deutsche","","","","2012","Stadtbezirk","15","15 Trudering - Riem"
"Bevölkerung","Migrationshintergrundquote","Deutsche","26,9","20275","75386","","","","Personen mit Migrationshintergrund - Deutsche","Haupwohnsitzbevölkerung - Deutsche","","","","2012","Stadtbezirk","16","16 Ramersdorf - Perlach"
"Bevölkerung","Migrationshintergrundquote","Deutsche","19,2","6218","32310","","","","Personen mit Migrationshintergrund - Deutsche","Haupwohnsitzbevölkerung - Deutsche","","","","2012","Stadtbezirk","22","22 Aubing - Lochhausen - Langwied"
"Bevölkerung","Migrationshintergrundquote","Deutsche","14,4","3607","24997","","","","Personen mit Migrationshintergrund - Deutsche","Haupwohnsitzbevölkerung - Deutsche","","","","2012","Stadtbezirk","23","23 Allach - Untermenzing"
"Bevölkerung","Migrationshintergrundquote","Deutsche","15,1","6907","45832","","","","Personen mit Migrationshintergrund - Deutsche","Haupwohnsitzbevölkerung - Deutsche","","","","2012","Stadtbezirk","5","05 Au - Haidhausen"
"Bevölkerung","Migrationshintergrundquote","Deutsche","19,6","3846","19588","","","","Personen mit Migrationshintergrund - Deutsche","Haupwohnsitzbevölkerung - Deutsche","","","","2012","Stadtbezirk","8","08 Schwanthalerhöhe"
"Bevölkerung","Migrationshintergrundquote","gesamt","34,1","31445","92139","","","","Personen mit Migrationshintergrund - gesamt","Haupwohnsitzbevölkerung - gesamt","","","","2011","Stadtbezirk","9","09 Neuhausen - Nymphenburg"
"Bevölkerung","Migrationshintergrundquote","Deutsche","20,5","7397","36013","","","","Personen mit Migrationshintergrund - Deutsche","Haupwohnsitzbevölkerung - Deutsche","","","","2009","Stadtbezirk","10","10 Moosach"
"Bevölkerung","Migrationshintergrundquote","Deutsche","17,7","8804","49707","","","","Personen mit Migrationshintergrund - Deutsche","Haupwohnsitzbevölkerung - Deutsche","","","","2009","Stadtbezirk","12","12 Schwabing -  Freimann"
"Bevölkerung","Migrationshintergrundquote","Deutsche","16,3","10290","63056","","","","Personen mit Migrationshintergrund - Deutsche","Haupwohnsitzbevölkerung - Deutsche","","","","2009","Stadtbezirk","13","13 Bogenhausen"
"Bevölkerung","Migrationshintergrundquote","Deutsche","13,1","1965","15007","","","","Personen mit Migrationshintergrund - Deutsche","Haupwohnsitzbevölkerung - Deutsche","","","","2009","Stadtbezirk","1","01 Altstadt - Lehel"
"Bevölkerung","Migrationshintergrundquote","Deutsche","13,3","5002","37731","","","","Personen mit Migrationshintergrund - Deutsche","Haupwohnsitzbevölkerung - Deutsche","","","","2009","Stadtbezirk","3","03 Maxvorstadt"
"Bevölkerung","Migrationshintergrundquote","Deutsche","14,6","7274","49847","","","","Personen mit Migrationshintergrund - Deutsche","Haupwohnsitzbevölkerung - Deutsche","","","","2009","Stadtbezirk","4","04 Schwabing West"
"Bevölkerung","Migrationshintergrundquote","Deutsche","27","11986","44340","","","","Personen mit Migrationshintergrund - Deutsche","Haupwohnsitzbevölkerung - Deutsche","","","","2009","Stadtbezirk","11","11 Milbertshofen -  Am Hart"
"Bevölkerung","Migrationshintergrundquote","Deutsche","14,8","10337","69699","","","","Personen mit Migrationshintergrund - Deutsche","Haupwohnsitzbevölkerung - Deutsche","","","","2009","Stadtbezirk","9","09 Neuhausen - Nymphenburg"
"Bevölkerung","Migrationshintergrundquote","Deutsche","13,2","4568","34502","","","","Personen mit Migrationshintergrund - Deutsche","Haupwohnsitzbevölkerung - Deutsche","","","","2009","Stadtbezirk","2","02 Ludwigsvorstadt - Isarvorstadt"
"Bevölkerung","Migrationshintergrundquote","Deutsche","15,4","4442","28862","","","","Personen mit Migrationshintergrund - Deutsche","Haupwohnsitzbevölkerung - Deutsche","","","","2009","Stadtbezirk","6","06 Sendling"
"Bevölkerung","Migrationshintergrundquote","Deutsche","17,6","6174","35018","","","","Personen mit Migrationshintergrund - Deutsche","Haupwohnsitzbevölkerung - Deutsche","","","","2009","Stadtbezirk","17","17 Obergiesing - Fasangarten"
"Bevölkerung","Migrationshintergrundquote","Deutsche","22,1","9060","40915","","","","Personen mit Migrationshintergrund - Deutsche","Haupwohnsitzbevölkerung - Deutsche","","","","2009","Stadtbezirk","24","24 Feldmoching - Hasenbergl"
"Bevölkerung","Migrationshintergrundquote","gesamt","32,4","28484","87846","","","","Personen mit Migrationshintergrund - gesamt","Haupwohnsitzbevölkerung - gesamt","","","","2009","Stadtbezirk","9","09 Neuhausen - Nymphenburg"
"Bevölkerung","Migrationshintergrundquote","gesamt","32","17798","55590","","","","Personen mit Migrationshintergrund - gesamt","Haupwohnsitzbevölkerung - gesamt","","","","2009","Stadtbezirk","5","05 Au - Haidhausen"
"Bevölkerung","Migrationshintergrundquote","gesamt","46,1","12818","27814","","","","Personen mit Migrationshintergrund - gesamt","Haupwohnsitzbevölkerung - gesamt","","","","2009","Stadtbezirk","8","08 Schwanthalerhöhe"
"Bevölkerung","Migrationshintergrundquote","gesamt","36,3","16896","46490","","","","Personen mit Migrationshintergrund - gesamt","Haupwohnsitzbevölkerung - gesamt","","","","2009","Stadtbezirk","20","20 Hadern"
"Bevölkerung","Migrationshintergrundquote","gesamt","35,6","16512","46446","","","","Personen mit Migrationshintergrund - gesamt","Haupwohnsitzbevölkerung - gesamt","","","","2009","Stadtbezirk","2","02 Ludwigsvorstadt - Isarvorstadt"
"Bevölkerung","Migrationshintergrundquote","gesamt","35,9","13692","38112","","","","Personen mit Migrationshintergrund - gesamt","Haupwohnsitzbevölkerung - gesamt","","","","2009","Stadtbezirk","6","06 Sendling"
"Bevölkerung","Migrationshintergrundquote","gesamt","40,4","19581","48425","","","","Personen mit Migrationshintergrund - gesamt","Haupwohnsitzbevölkerung - gesamt","","","","2009","Stadtbezirk","17","17 Obergiesing - Fasangarten"
"Bevölkerung","Migrationshintergrundquote","gesamt","42,3","23325","55180","","","","Personen mit Migrationshintergrund - gesamt","Haupwohnsitzbevölkerung - gesamt","","","","2009","Stadtbezirk","24","24 Feldmoching - Hasenbergl"
"Bevölkerung","Migrationshintergrundquote","gesamt","31,1","5890","18932","","","","Personen mit Migrationshintergrund - gesamt","Haupwohnsitzbevölkerung - gesamt","","","","2009","Stadtbezirk","1","01 Altstadt - Lehel"
"Bevölkerung","Migrationshintergrundquote","gesamt","32,7","15890","48619","","","","Personen mit Migrationshintergrund - gesamt","Haupwohnsitzbevölkerung - gesamt","","","","2009","Stadtbezirk","3","03 Maxvorstadt"
"Bevölkerung","Migrationshintergrundquote","gesamt","31,4","19455","62028","","","","Personen mit Migrationshintergrund - gesamt","Haupwohnsitzbevölkerung - gesamt","","","","2009","Stadtbezirk","4","04 Schwabing West"
"Bevölkerung","Migrationshintergrundquote","gesamt","52,4","35669","68023","","","","Personen mit Migrationshintergrund - gesamt","Haupwohnsitzbevölkerung - gesamt","","","","2009","Stadtbezirk","11","11 Milbertshofen -  Am Hart"
"Bevölkerung","Migrationshintergrundquote","gesamt","35,9","18751","52185","","","","Personen mit Migrationshintergrund - gesamt","Haupwohnsitzbevölkerung - gesamt","","","","2009","Stadtbezirk","7","07 Sendling - Westpark"
"Bevölkerung","Migrationshintergrundquote","gesamt","29,8","14584","48911","","","","Personen mit Migrationshintergrund - gesamt","Haupwohnsitzbevölkerung - gesamt","","","","2009","Stadtbezirk","18","18 Untergiesing - Harlaching"
"Bevölkerung","Migrationshintergrundquote","gesamt","31,1","25632","82482","","","","Personen mit Migrationshintergrund - gesamt","Haupwohnsitzbevölkerung - gesamt","","","","2009","Stadtbezirk","19","19 Thalkirchen - Obersendling - Forstenried - Fürstenried - Solln"
"Bevölkerung","Migrationshintergrundquote","gesamt","27,9","18217","65279","","","","Personen mit Migrationshintergrund - gesamt","Haupwohnsitzbevölkerung - gesamt","","","","2009","Stadtbezirk","21","21 Pasing - Obermenzing"
"Bevölkerung","Migrationshintergrundquote","gesamt","33,7","17324","51338","","","","Personen mit Migrationshintergrund - gesamt","Haupwohnsitzbevölkerung - gesamt","","","","2009","Stadtbezirk","25","25 Laim"
"Bevölkerung","Migrationshintergrundquote","gesamt","41,2","20076","48692","","","","Personen mit Migrationshintergrund - gesamt","Haupwohnsitzbevölkerung - gesamt","","","","2009","Stadtbezirk","10","10 Moosach"
"Bevölkerung","Migrationshintergrundquote","gesamt","35,8","22817","63720","","","","Personen mit Migrationshintergrund - gesamt","Haupwohnsitzbevölkerung - gesamt","","","","2009","Stadtbezirk","12","12 Schwabing -  Freimann"
"Bevölkerung","Migrationshintergrundquote","gesamt","31,2","23918","76684","","","","Personen mit Migrationshintergrund - gesamt","Haupwohnsitzbevölkerung - gesamt","","","","2009","Stadtbezirk","13","13 Bogenhausen"
"Bevölkerung","Migrationshintergrundquote","Deutsche","17,2","181959","1055625","","","","Personen mit Migrationshintergrund - Deutsche","Haupwohnsitzbevölkerung - Deutsche","","","","2009","Gesamtstadt","#100","Stadt München"
"Bevölkerung","Migrationshintergrundquote","Deutsche","19,4","5674","29208","","","","Personen mit Migrationshintergrund - Deutsche","Haupwohnsitzbevölkerung - Deutsche","","","","2009","Stadtbezirk","14","14 Berg am Laim"
"Bevölkerung","Migrationshintergrundquote","Deutsche","18","9113","50558","","","","Personen mit Migrationshintergrund - Deutsche","Haupwohnsitzbevölkerung - Deutsche","","","","2009","Stadtbezirk","15","15 Trudering - Riem"
"Bevölkerung","Migrationshintergrundquote","Deutsche","25","18876","75392","","","","Personen mit Migrationshintergrund - Deutsche","Haupwohnsitzbevölkerung - Deutsche","","","","2009","Stadtbezirk","16","16 Ramersdorf - Perlach"
"Bevölkerung","Migrationshintergrundquote","Deutsche","17,4","5411","31111","","","","Personen mit Migrationshintergrund - Deutsche","Haupwohnsitzbevölkerung - Deutsche","","","","2009","Stadtbezirk","22","22 Aubing - Lochhausen - Langwied"
"Bevölkerung","Migrationshintergrundquote","Deutsche","13,4","3248","24252","","","","Personen mit Migrationshintergrund - Deutsche","Haupwohnsitzbevölkerung - Deutsche","","","","2009","Stadtbezirk","23","23 Allach - Untermenzing"
"Bevölkerung","Migrationshintergrundquote","Deutsche","13,8","6033","43825","","","","Personen mit Migrationshintergrund - Deutsche","Haupwohnsitzbevölkerung - Deutsche","","","","2009","Stadtbezirk","5","05 Au - Haidhausen"
"Bevölkerung","Migrationshintergrundquote","Deutsche","18,7","3460","18456","","","","Personen mit Migrationshintergrund - Deutsche","Haupwohnsitzbevölkerung - Deutsche","","","","2009","Stadtbezirk","8","08 Schwanthalerhöhe"
"Bevölkerung","Migrationshintergrundquote","Deutsche","19","6923","36517","","","","Personen mit Migrationshintergrund - Deutsche","Haupwohnsitzbevölkerung - Deutsche","","","","2009","Stadtbezirk","20","20 Hadern"
"Bevölkerung","Migrationshintergrundquote","Deutsche","17,2","6926","40360","","","","Personen mit Migrationshintergrund - Deutsche","Haupwohnsitzbevölkerung - Deutsche","","","","2009","Stadtbezirk","7","07 Sendling - Westpark"
"Bevölkerung","Migrationshintergrundquote","Deutsche","13,4","5321","39648","","","","Personen mit Migrationshintergrund - Deutsche","Haupwohnsitzbevölkerung - Deutsche","","","","2009","Stadtbezirk","18","18 Untergiesing - Harlaching"
"Bevölkerung","Migrationshintergrundquote","Deutsche","14,9","9985","66835","","","","Personen mit Migrationshintergrund - Deutsche","Haupwohnsitzbevölkerung - Deutsche","","","","2009","Stadtbezirk","19","19 Thalkirchen - Obersendling - Forstenried - Fürstenried - Solln"
"Bevölkerung","Migrationshintergrundquote","Deutsche","13,6","7425","54487","","","","Personen mit Migrationshintergrund - Deutsche","Haupwohnsitzbevölkerung - Deutsche","","","","2009","Stadtbezirk","21","21 Pasing - Obermenzing"
"Bevölkerung","Migrationshintergrundquote","Deutsche","15,6","6265","40279","","","","Personen mit Migrationshintergrund - Deutsche","Haupwohnsitzbevölkerung - Deutsche","","","","2009","Stadtbezirk","25","25 Laim"
"Bevölkerung","Migrationshintergrundquote","gesamt","40,9","16253","39787","","","","Personen mit Migrationshintergrund - gesamt","Haupwohnsitzbevölkerung - gesamt","","","","2009","Stadtbezirk","14","14 Berg am Laim"
"Bevölkerung","Migrationshintergrundquote","gesamt","31,9","19434","60879","","","","Personen mit Migrationshintergrund - gesamt","Haupwohnsitzbevölkerung - gesamt","","","","2009","Stadtbezirk","15","15 Trudering - Riem"
"Bevölkerung","Migrationshintergrundquote","gesamt","45,5","47216","103732","","","","Personen mit Migrationshintergrund - gesamt","Haupwohnsitzbevölkerung - gesamt","","","","2009","Stadtbezirk","16","16 Ramersdorf - Perlach"
"Bevölkerung","Migrationshintergrundquote","gesamt","32,8","12568","38268","","","","Personen mit Migrationshintergrund - gesamt","Haupwohnsitzbevölkerung - gesamt","","","","2009","Stadtbezirk","22","22 Aubing - Lochhausen - Langwied"
"Bevölkerung","Migrationshintergrundquote","gesamt","26,9","7728","28732","","","","Personen mit Migrationshintergrund - gesamt","Haupwohnsitzbevölkerung - gesamt","","","","2009","Stadtbezirk","23","23 Allach - Untermenzing"
"Bevölkerung","Migrationshintergrundquote","gesamt","36","490528","1364194","","","","Personen mit Migrationshintergrund - gesamt","Haupwohnsitzbevölkerung - gesamt","","","","2009","Gesamtstadt","#100","Stadt München"
"Bevölkerung","Migrationshintergrundquote","Deutsche","12,8","1940","15119","","","","Personen mit Migrationshintergrund - Deutsche","Haupwohnsitzbevölkerung - Deutsche","","","","2008","Stadtbezirk","1","01 Altstadt - Lehel"
"Bevölkerung","Migrationshintergrundquote","Deutsche","12,7","4788","37580","","","","Personen mit Migrationshintergrund - Deutsche","Haupwohnsitzbevölkerung - Deutsche","","","","2008","Stadtbezirk","3","03 Maxvorstadt"
"Bevölkerung","Migrationshintergrundquote","Deutsche","14","6995","49906","","","","Personen mit Migrationshintergrund - Deutsche","Haupwohnsitzbevölkerung - Deutsche","","","","2008","Stadtbezirk","4","04 Schwabing West"
"Bevölkerung","Migrationshintergrundquote","Deutsche","25,6","11294","44093","","","","Personen mit Migrationshintergrund - Deutsche","Haupwohnsitzbevölkerung - Deutsche","","","","2008","Stadtbezirk","11","11 Milbertshofen -  Am Hart"
"Bevölkerung","Migrationshintergrundquote","Deutsche","16,4","6616","40246","","","","Personen mit Migrationshintergrund - Deutsche","Haupwohnsitzbevölkerung - Deutsche","","","","2008","Stadtbezirk","7","07 Sendling - Westpark"
"Bevölkerung","Migrationshintergrundquote","Deutsche","13","5141","39626","","","","Personen mit Migrationshintergrund - Deutsche","Haupwohnsitzbevölkerung - Deutsche","","","","2008","Stadtbezirk","18","18 Untergiesing - Harlaching"
"Bevölkerung","Migrationshintergrundquote","Deutsche","14,3","9581","66807","","","","Personen mit Migrationshintergrund - Deutsche","Haupwohnsitzbevölkerung - Deutsche","","","","2008","Stadtbezirk","19","19 Thalkirchen - Obersendling - Forstenried - Fürstenried - Solln"
"Bevölkerung","Migrationshintergrundquote","Deutsche","13","7056","54265","","","","Personen mit Migrationshintergrund - Deutsche","Haupwohnsitzbevölkerung - Deutsche","","","","2008","Stadtbezirk","21","21 Pasing - Obermenzing"
"Bevölkerung","Migrationshintergrundquote","Deutsche","14,9","5965","40120","","","","Personen mit Migrationshintergrund - Deutsche","Haupwohnsitzbevölkerung - Deutsche","","","","2008","Stadtbezirk","25","25 Laim"
"Bevölkerung","Migrationshintergrundquote","Deutsche","13","4507","34557","","","","Personen mit Migrationshintergrund - Deutsche","Haupwohnsitzbevölkerung - Deutsche","","","","2008","Stadtbezirk","2","02 Ludwigsvorstadt - Isarvorstadt"
"Bevölkerung","Migrationshintergrundquote","Deutsche","14,9","4255","28605","","","","Personen mit Migrationshintergrund - Deutsche","Haupwohnsitzbevölkerung - Deutsche","","","","2008","Stadtbezirk","6","06 Sendling"
"Bevölkerung","Migrationshintergrundquote","Deutsche","16,8","5878","34888","","","","Personen mit Migrationshintergrund - Deutsche","Haupwohnsitzbevölkerung - Deutsche","","","","2008","Stadtbezirk","17","17 Obergiesing - Fasangarten"
"Bevölkerung","Migrationshintergrundquote","Deutsche","21,2","8668","40887","","","","Personen mit Migrationshintergrund - Deutsche","Haupwohnsitzbevölkerung - Deutsche","","","","2008","Stadtbezirk","24","24 Feldmoching - Hasenbergl"
"Bevölkerung","Migrationshintergrundquote","gesamt","32,4","6326","19505","","","","Personen mit Migrationshintergrund - gesamt","Haupwohnsitzbevölkerung - gesamt","","","","2008","Stadtbezirk","1","01 Altstadt - Lehel"
"Bevölkerung","Migrationshintergrundquote","gesamt","32,9","16092","48884","","","","Personen mit Migrationshintergrund - gesamt","Haupwohnsitzbevölkerung - gesamt","","","","2008","Stadtbezirk","3","03 Maxvorstadt"
"Bevölkerung","Migrationshintergrundquote","gesamt","31,4","19630","62541","","","","Personen mit Migrationshintergrund - gesamt","Haupwohnsitzbevölkerung - gesamt","","","","2008","Stadtbezirk","4","04 Schwabing West"
"Bevölkerung","Migrationshintergrundquote","gesamt","51,9","35399","68198","","","","Personen mit Migrationshintergrund - gesamt","Haupwohnsitzbevölkerung - gesamt","","","","2008","Stadtbezirk","11","11 Milbertshofen -  Am Hart"
"Bevölkerung","Migrationshintergrundquote","Deutsche","19,7","7102","36099","","","","Personen mit Migrationshintergrund - Deutsche","Haupwohnsitzbevölkerung - Deutsche","","","","2008","Stadtbezirk","10","10 Moosach"
"Bevölkerung","Migrationshintergrundquote","Deutsche","17,2","8542","49769","","","","Personen mit Migrationshintergrund - Deutsche","Haupwohnsitzbevölkerung - Deutsche","","","","2008","Stadtbezirk","12","12 Schwabing -  Freimann"
"Bevölkerung","Migrationshintergrundquote","Deutsche","15,7","9866","63015","","","","Personen mit Migrationshintergrund - Deutsche","Haupwohnsitzbevölkerung - Deutsche","","","","2008","Stadtbezirk","13","13 Bogenhausen"
"Bevölkerung","Migrationshintergrundquote","gesamt","35,6","18627","52257","","","","Personen mit Migrationshintergrund - gesamt","Haupwohnsitzbevölkerung - gesamt","","","","2008","Stadtbezirk","7","07 Sendling - Westpark"
"Bevölkerung","Migrationshintergrundquote","gesamt","30,2","14906","49391","","","","Personen mit Migrationshintergrund - gesamt","Haupwohnsitzbevölkerung - gesamt","","","","2008","Stadtbezirk","18","18 Untergiesing - Harlaching"
"Bevölkerung","Migrationshintergrundquote","gesamt","30,9","25545","82771","","","","Personen mit Migrationshintergrund - gesamt","Haupwohnsitzbevölkerung - gesamt","","","","2008","Stadtbezirk","19","19 Thalkirchen - Obersendling - Forstenried - Fürstenried - Solln"
"Bevölkerung","Migrationshintergrundquote","gesamt","27,7","18081","65290","","","","Personen mit Migrationshintergrund - gesamt","Haupwohnsitzbevölkerung - gesamt","","","","2008","Stadtbezirk","21","21 Pasing - Obermenzing"
"Bevölkerung","Migrationshintergrundquote","gesamt","33,5","17174","51329","","","","Personen mit Migrationshintergrund - gesamt","Haupwohnsitzbevölkerung - gesamt","","","","2008","Stadtbezirk","25","25 Laim"
"Bevölkerung","Migrationshintergrundquote","gesamt","35,8","489667","1367314","","","","Personen mit Migrationshintergrund - gesamt","Haupwohnsitzbevölkerung - gesamt","","","","2008","Gesamtstadt","#100","Stadt München"
"Bevölkerung","Migrationshintergrundquote","gesamt","40,5","16204","40038","","","","Personen mit Migrationshintergrund - gesamt","Haupwohnsitzbevölkerung - gesamt","","","","2008","Stadtbezirk","14","14 Berg am Laim"
"Bevölkerung","Migrationshintergrundquote","gesamt","30,8","18205","59031","","","","Personen mit Migrationshintergrund - gesamt","Haupwohnsitzbevölkerung - gesamt","","","","2008","Stadtbezirk","15","15 Trudering - Riem"
"Bevölkerung","Migrationshintergrundquote","gesamt","45","46795","104089","","","","Personen mit Migrationshintergrund - gesamt","Haupwohnsitzbevölkerung - gesamt","","","","2008","Stadtbezirk","16","16 Ramersdorf - Perlach"
"Bevölkerung","Migrationshintergrundquote","gesamt","32,4","12407","38327","","","","Personen mit Migrationshintergrund - gesamt","Haupwohnsitzbevölkerung - gesamt","","","","2008","Stadtbezirk","22","22 Aubing - Lochhausen - Langwied"
"Bevölkerung","Migrationshintergrundquote","gesamt","26,8","7706","28796","","","","Personen mit Migrationshintergrund - gesamt","Haupwohnsitzbevölkerung - gesamt","","","","2008","Stadtbezirk","23","23 Allach - Untermenzing"
"Bevölkerung","Migrationshintergrundquote","Deutsche","14,1","9674","68607","","","","Personen mit Migrationshintergrund - Deutsche","Haupwohnsitzbevölkerung - Deutsche","","","","2008","Stadtbezirk","9","09 Neuhausen - Nymphenburg"
"Bevölkerung","Migrationshintergrundquote","gesamt","31,8","6110","19207","","","","Personen mit Migrationshintergrund - gesamt","Haupwohnsitzbevölkerung - gesamt","","","","2010","Stadtbezirk","1","01 Altstadt - Lehel"
"Bevölkerung","Migrationshintergrundquote","gesamt","32,8","16037","48875","","","","Personen mit Migrationshintergrund - gesamt","Haupwohnsitzbevölkerung - gesamt","","","","2010","Stadtbezirk","3","03 Maxvorstadt"
"Bevölkerung","Migrationshintergrundquote","gesamt","31,9","20068","62856","","","","Personen mit Migrationshintergrund - gesamt","Haupwohnsitzbevölkerung - gesamt","","","","2010","Stadtbezirk","4","04 Schwabing West"
"Bevölkerung","Migrationshintergrundquote","gesamt","53,5","36877","68970","","","","Personen mit Migrationshintergrund - gesamt","Haupwohnsitzbevölkerung - gesamt","","","","2010","Stadtbezirk","11","11 Milbertshofen -  Am Hart"
"Bevölkerung","Migrationshintergrundquote","gesamt","33","29480","89286","","","","Personen mit Migrationshintergrund - gesamt","Haupwohnsitzbevölkerung - gesamt","","","","2010","Stadtbezirk","9","09 Neuhausen - Nymphenburg"
"Bevölkerung","Migrationshintergrundquote","Deutsche","21,2","7594","35854","","","","Personen mit Migrationshintergrund - Deutsche","Haupwohnsitzbevölkerung - Deutsche","","","","2010","Stadtbezirk","10","10 Moosach"
"Bevölkerung","Migrationshintergrundquote","Deutsche","18,3","9238","50486","","","","Personen mit Migrationshintergrund - Deutsche","Haupwohnsitzbevölkerung - Deutsche","","","","2010","Stadtbezirk","12","12 Schwabing -  Freimann"
"Bevölkerung","Migrationshintergrundquote","Deutsche","16,7","10629","63555","","","","Personen mit Migrationshintergrund - Deutsche","Haupwohnsitzbevölkerung - Deutsche","","","","2010","Stadtbezirk","13","13 Bogenhausen"
"Bevölkerung","Migrationshintergrundquote","gesamt","41,6","20161","48421","","","","Personen mit Migrationshintergrund - gesamt","Haupwohnsitzbevölkerung - gesamt","","","","2010","Stadtbezirk","10","10 Moosach"
"Bevölkerung","Migrationshintergrundquote","gesamt","36,7","23910","65158","","","","Personen mit Migrationshintergrund - gesamt","Haupwohnsitzbevölkerung - gesamt","","","","2010","Stadtbezirk","12","12 Schwabing -  Freimann"
"Bevölkerung","Migrationshintergrundquote","gesamt","31,7","24616","77542","","","","Personen mit Migrationshintergrund - gesamt","Haupwohnsitzbevölkerung - gesamt","","","","2010","Stadtbezirk","13","13 Bogenhausen"
"Bevölkerung","Migrationshintergrundquote","gesamt","35,8","16952","47357","","","","Personen mit Migrationshintergrund - gesamt","Haupwohnsitzbevölkerung - gesamt","","","","2010","Stadtbezirk","2","02 Ludwigsvorstadt - Isarvorstadt"
"Bevölkerung","Migrationshintergrundquote","gesamt","36,2","13972","38567","","","","Personen mit Migrationshintergrund - gesamt","Haupwohnsitzbevölkerung - gesamt","","","","2010","Stadtbezirk","6","06 Sendling"
"Bevölkerung","Migrationshintergrundquote","gesamt","41,1","20159","49030","","","","Personen mit Migrationshintergrund - gesamt","Haupwohnsitzbevölkerung - gesamt","","","","2010","Stadtbezirk","17","17 Obergiesing - Fasangarten"
"Bevölkerung","Migrationshintergrundquote","gesamt","43,5","24416","56130","","","","Personen mit Migrationshintergrund - gesamt","Haupwohnsitzbevölkerung - gesamt","","","","2010","Stadtbezirk","24","24 Feldmoching - Hasenbergl"
"Bevölkerung","Migrationshintergrundquote","gesamt","32,4","18259","56322","","","","Personen mit Migrationshintergrund - gesamt","Haupwohnsitzbevölkerung - gesamt","","","","2010","Stadtbezirk","5","05 Au - Haidhausen"
"Bevölkerung","Migrationshintergrundquote","gesamt","45,7","12794","28004","","","","Personen mit Migrationshintergrund - gesamt","Haupwohnsitzbevölkerung - gesamt","","","","2010","Stadtbezirk","8","08 Schwanthalerhöhe"
"Bevölkerung","Migrationshintergrundquote","gesamt","36,9","17284","46851","","","","Personen mit Migrationshintergrund - gesamt","Haupwohnsitzbevölkerung - gesamt","","","","2010","Stadtbezirk","20","20 Hadern"
"Bevölkerung","Migrationshintergrundquote","gesamt","36,7","507110","1382273","","","","Personen mit Migrationshintergrund - gesamt","Haupwohnsitzbevölkerung - gesamt","","","","2010","Gesamtstadt","#100","Stadt München"
"Bevölkerung","Migrationshintergrundquote","gesamt","41,7","16893","40550","","","","Personen mit Migrationshintergrund - gesamt","Haupwohnsitzbevölkerung - gesamt","","","","2010","Stadtbezirk","14","14 Berg am Laim"
"Bevölkerung","Migrationshintergrundquote","gesamt","33,3","20915","62756","","","","Personen mit Migrationshintergrund - gesamt","Haupwohnsitzbevölkerung - gesamt","","","","2010","Stadtbezirk","15","15 Trudering - Riem"
"Bevölkerung","Migrationshintergrundquote","gesamt","46,6","48833","104737","","","","Personen mit Migrationshintergrund - gesamt","Haupwohnsitzbevölkerung - gesamt","","","","2010","Stadtbezirk","16","16 Ramersdorf - Perlach"
"Bevölkerung","Migrationshintergrundquote","gesamt","34,2","13309","38863","","","","Personen mit Migrationshintergrund - gesamt","Haupwohnsitzbevölkerung - gesamt","","","","2010","Stadtbezirk","22","22 Aubing - Lochhausen - Langwied"
"Bevölkerung","Migrationshintergrundquote","gesamt","27,5","8006","29161","","","","Personen mit Migrationshintergrund - gesamt","Haupwohnsitzbevölkerung - gesamt","","","","2010","Stadtbezirk","23","23 Allach - Untermenzing"
"Bevölkerung","Migrationshintergrundquote","Deutsche","17,8","189656","1064819","","","","Personen mit Migrationshintergrund - Deutsche","Haupwohnsitzbevölkerung - Deutsche","","","","2010","Gesamtstadt","#100","Stadt München"
"Bevölkerung","Migrationshintergrundquote","Deutsche","20,1","5933","29590","","","","Personen mit Migrationshintergrund - Deutsche","Haupwohnsitzbevölkerung - Deutsche","","","","2010","Stadtbezirk","14","14 Berg am Laim"
"Bevölkerung","Migrationshintergrundquote","Deutsche","19","9837","51678","","","","Personen mit Migrationshintergrund - Deutsche","Haupwohnsitzbevölkerung - Deutsche","","","","2010","Stadtbezirk","15","15 Trudering - Riem"
"Bevölkerung","Migrationshintergrundquote","Deutsche","25,9","19525","75429","","","","Personen mit Migrationshintergrund - Deutsche","Haupwohnsitzbevölkerung - Deutsche","","","","2010","Stadtbezirk","16","16 Ramersdorf - Perlach"
"Bevölkerung","Migrationshintergrundquote","Deutsche","18,3","5735","31289","","","","Personen mit Migrationshintergrund - Deutsche","Haupwohnsitzbevölkerung - Deutsche","","","","2010","Stadtbezirk","22","22 Aubing - Lochhausen - Langwied"
"Bevölkerung","Migrationshintergrundquote","Deutsche","13,7","3367","24522","","","","Personen mit Migrationshintergrund - Deutsche","Haupwohnsitzbevölkerung - Deutsche","","","","2010","Stadtbezirk","23","23 Allach - Untermenzing"
"Bevölkerung","Migrationshintergrundquote","Deutsche","17,6","7071","40275","","","","Personen mit Migrationshintergrund - Deutsche","Haupwohnsitzbevölkerung - Deutsche","","","","2010","Stadtbezirk","7","07 Sendling - Westpark"
"Bevölkerung","Migrationshintergrundquote","Deutsche","13,7","5488","39928","","","","Personen mit Migrationshintergrund - Deutsche","Haupwohnsitzbevölkerung - Deutsche","","","","2010","Stadtbezirk","18","18 Untergiesing - Harlaching"
"Bevölkerung","Migrationshintergrundquote","Deutsche","15,6","10442","67117","","","","Personen mit Migrationshintergrund - Deutsche","Haupwohnsitzbevölkerung - Deutsche","","","","2010","Stadtbezirk","19","19 Thalkirchen - Obersendling - Forstenried - Fürstenried - Solln"
"Bevölkerung","Migrationshintergrundquote","Deutsche","14,1","7734","55023","","","","Personen mit Migrationshintergrund - Deutsche","Haupwohnsitzbevölkerung - Deutsche","","","","2010","Stadtbezirk","21","21 Pasing - Obermenzing"
"Bevölkerung","Migrationshintergrundquote","Deutsche","16","6486","40449","","","","Personen mit Migrationshintergrund - Deutsche","Haupwohnsitzbevölkerung - Deutsche","","","","2010","Stadtbezirk","25","25 Laim"
"Bevölkerung","Migrationshintergrundquote","gesamt","36,7","19291","52495","","","","Personen mit Migrationshintergrund - gesamt","Haupwohnsitzbevölkerung - gesamt","","","","2010","Stadtbezirk","7","07 Sendling - Westpark"
"Bevölkerung","Migrationshintergrundquote","gesamt","30,4","15062","49502","","","","Personen mit Migrationshintergrund - gesamt","Haupwohnsitzbevölkerung - gesamt","","","","2010","Stadtbezirk","18","18 Untergiesing - Harlaching"
"Bevölkerung","Migrationshintergrundquote","gesamt","32,2","26909","83584","","","","Personen mit Migrationshintergrund - gesamt","Haupwohnsitzbevölkerung - gesamt","","","","2010","Stadtbezirk","19","19 Thalkirchen - Obersendling - Forstenried - Fürstenried - Solln"
"Bevölkerung","Migrationshintergrundquote","gesamt","28,6","18955","66244","","","","Personen mit Migrationshintergrund - gesamt","Haupwohnsitzbevölkerung - gesamt","","","","2010","Stadtbezirk","21","21 Pasing - Obermenzing"
"Bevölkerung","Migrationshintergrundquote","gesamt","34,4","17842","51805","","","","Personen mit Migrationshintergrund - gesamt","Haupwohnsitzbevölkerung - gesamt","","","","2010","Stadtbezirk","25","25 Laim"
"Bevölkerung","Migrationshintergrundquote","Deutsche","13,4","4697","35102","","","","Personen mit Migrationshintergrund - Deutsche","Haupwohnsitzbevölkerung - Deutsche","","","","2010","Stadtbezirk","2","02 Ludwigsvorstadt - Isarvorstadt"
"Bevölkerung","Migrationshintergrundquote","Deutsche","15,8","4628","29223","","","","Personen mit Migrationshintergrund - Deutsche","Haupwohnsitzbevölkerung - Deutsche","","","","2010","Stadtbezirk","6","06 Sendling"
"Bevölkerung","Migrationshintergrundquote","Deutsche","18,4","6494","35365","","","","Personen mit Migrationshintergrund - Deutsche","Haupwohnsitzbevölkerung - Deutsche","","","","2010","Stadtbezirk","17","17 Obergiesing - Fasangarten"
"Bevölkerung","Migrationshintergrundquote","Deutsche","22,9","9401","41115","","","","Personen mit Migrationshintergrund - Deutsche","Haupwohnsitzbevölkerung - Deutsche","","","","2010","Stadtbezirk","24","24 Feldmoching - Hasenbergl"
"Bevölkerung","Migrationshintergrundquote","Deutsche","14,2","6291","44354","","","","Personen mit Migrationshintergrund - Deutsche","Haupwohnsitzbevölkerung - Deutsche","","","","2010","Stadtbezirk","5","05 Au - Haidhausen"
"Bevölkerung","Migrationshintergrundquote","Deutsche","18,7","3508","18718","","","","Personen mit Migrationshintergrund - Deutsche","Haupwohnsitzbevölkerung - Deutsche","","","","2010","Stadtbezirk","8","08 Schwanthalerhöhe"
"Bevölkerung","Migrationshintergrundquote","Deutsche","13,7","2071","15168","","","","Personen mit Migrationshintergrund - Deutsche","Haupwohnsitzbevölkerung - Deutsche","","","","2010","Stadtbezirk","1","01 Altstadt - Lehel"
"Bevölkerung","Migrationshintergrundquote","Deutsche","13,6","5172","38010","","","","Personen mit Migrationshintergrund - Deutsche","Haupwohnsitzbevölkerung - Deutsche","","","","2010","Stadtbezirk","3","03 Maxvorstadt"
"Bevölkerung","Migrationshintergrundquote","Deutsche","15,1","7587","50375","","","","Personen mit Migrationshintergrund - Deutsche","Haupwohnsitzbevölkerung - Deutsche","","","","2010","Stadtbezirk","4","04 Schwabing West"
"Bevölkerung","Migrationshintergrundquote","Deutsche","28","12504","44597","","","","Personen mit Migrationshintergrund - Deutsche","Haupwohnsitzbevölkerung - Deutsche","","","","2010","Stadtbezirk","11","11 Milbertshofen -  Am Hart"
"Bevölkerung","Migrationshintergrundquote","Deutsche","19,6","7208","36775","","","","Personen mit Migrationshintergrund - Deutsche","Haupwohnsitzbevölkerung - Deutsche","","","","2010","Stadtbezirk","20","20 Hadern"
"Bevölkerung","Migrationshintergrundquote","Deutsche","13,2","5756","43606","","","","Personen mit Migrationshintergrund - Deutsche","Haupwohnsitzbevölkerung - Deutsche","","","","2008","Stadtbezirk","5","05 Au - Haidhausen"
"Bevölkerung","Migrationshintergrundquote","Deutsche","17,7","3179","17959","","","","Personen mit Migrationshintergrund - Deutsche","Haupwohnsitzbevölkerung - Deutsche","","","","2008","Stadtbezirk","8","08 Schwanthalerhöhe"
"Bevölkerung","Migrationshintergrundquote","Deutsche","18,4","6706","36438","","","","Personen mit Migrationshintergrund - Deutsche","Haupwohnsitzbevölkerung - Deutsche","","","","2008","Stadtbezirk","20","20 Hadern"
"Bevölkerung","Migrationshintergrundquote","Deutsche","-88888888","0","0","","","","Personen mit Migrationshintergrund - Deutsche","Haupwohnsitzbevölkerung - Deutsche","","","","2008","Stadtbezirk","99","99 nicht zuzuordnen"
"Bevölkerung","Migrationshintergrundquote","Deutsche","16,5","173743","1051390","","","","Personen mit Migrationshintergrund - Deutsche","Haupwohnsitzbevölkerung - Deutsche","","","","2008","Gesamtstadt","#100","Stadt München"
"Bevölkerung","Migrationshintergrundquote","Deutsche","18,6","5458","29292","","","","Personen mit Migrationshintergrund - Deutsche","Haupwohnsitzbevölkerung - Deutsche","","","","2008","Stadtbezirk","14","14 Berg am Laim"
"Bevölkerung","Migrationshintergrundquote","Deutsche","16,9","8329","49155","","","","Personen mit Migrationshintergrund - Deutsche","Haupwohnsitzbevölkerung - Deutsche","","","","2008","Stadtbezirk","15","15 Trudering - Riem"
"Bevölkerung","Migrationshintergrundquote","Deutsche","24,1","18193","75487","","","","Personen mit Migrationshintergrund - Deutsche","Haupwohnsitzbevölkerung - Deutsche","","","","2008","Stadtbezirk","16","16 Ramersdorf - Perlach"
"Bevölkerung","Migrationshintergrundquote","Deutsche","16,7","5194","31114","","","","Personen mit Migrationshintergrund - Deutsche","Haupwohnsitzbevölkerung - Deutsche","","","","2008","Stadtbezirk","22","22 Aubing - Lochhausen - Langwied"
"Bevölkerung","Migrationshintergrundquote","Deutsche","12,7","3060","24150","","","","Personen mit Migrationshintergrund - Deutsche","Haupwohnsitzbevölkerung - Deutsche","","","","2008","Stadtbezirk","23","23 Allach - Untermenzing"
"Bevölkerung","Migrationshintergrundquote","Deutsche","15,6","11016","70822","","","","Personen mit Migrationshintergrund - Deutsche","Haupwohnsitzbevölkerung - Deutsche","","","","2010","Stadtbezirk","9","09 Neuhausen - Nymphenburg"
"Bevölkerung","Migrationshintergrundquote","Deutsche","12,5","4106","32939","","","","Personen mit Migrationshintergrund - Deutsche","Haupwohnsitzbevölkerung - Deutsche","","","","2006","Stadtbezirk","2","02 Ludwigsvorstadt - Isarvorstadt"
"Bevölkerung","Migrationshintergrundquote","Deutsche","14,3","3956","27628","","","","Personen mit Migrationshintergrund - Deutsche","Haupwohnsitzbevölkerung - Deutsche","","","","2006","Stadtbezirk","6","06 Sendling"
"Bevölkerung","Migrationshintergrundquote","Deutsche","16","5445","34093","","","","Personen mit Migrationshintergrund - Deutsche","Haupwohnsitzbevölkerung - Deutsche","","","","2006","Stadtbezirk","17","17 Obergiesing - Fasangarten"
"Bevölkerung","Migrationshintergrundquote","Deutsche","20,2","8152","40318","","","","Personen mit Migrationshintergrund - Deutsche","Haupwohnsitzbevölkerung - Deutsche","","","","2006","Stadtbezirk","24","24 Feldmoching - Hasenbergl"
"Bevölkerung","Migrationshintergrundquote","Deutsche","12,3","1811","14722","","","","Personen mit Migrationshintergrund - Deutsche","Haupwohnsitzbevölkerung - Deutsche","","","","2006","Stadtbezirk","1","01 Altstadt - Lehel"
"Bevölkerung","Migrationshintergrundquote","Deutsche","12,5","4397","35220","","","","Personen mit Migrationshintergrund - Deutsche","Haupwohnsitzbevölkerung - Deutsche","","","","2006","Stadtbezirk","3","03 Maxvorstadt"
"Bevölkerung","Migrationshintergrundquote","Deutsche","13,7","6452","47230","","","","Personen mit Migrationshintergrund - Deutsche","Haupwohnsitzbevölkerung - Deutsche","","","","2006","Stadtbezirk","4","04 Schwabing West"
"Bevölkerung","Migrationshintergrundquote","Deutsche","23,9","10409","43637","","","","Personen mit Migrationshintergrund - Deutsche","Haupwohnsitzbevölkerung - Deutsche","","","","2006","Stadtbezirk","11","11 Milbertshofen -  Am Hart"
"Bevölkerung","Migrationshintergrundquote","gesamt","35,5","479788","1351445","","","","Personen mit Migrationshintergrund - gesamt","Haupwohnsitzbevölkerung - gesamt","","","","2007","Gesamtstadt","#100","Stadt München"
